{
	"class_name" : "PinholeCameraParameters",
	"extrinsic" : 
	[
		-1.0,
		-0.0,
		-0.0,
		0.0,
		0.0,
		-1.0,
		-0.0,
		0.0,
		0.0,
		-0.0,
		1.0,
		0.0,
		4.972291275024415,
		-0.0158208694458008,
		10.995870701583655,
		1.0
	],
	"intrinsic" : 
	{
		"height" : 1536,
		"intrinsic_matrix" : 
		[
			1330.2150202128978,
			0.0,
			0.0,
			0.0,
			1330.2150202128978,
			0.0,
			1244.5,
			767.5,
			1.0
		],
		"width" : 2490
	},
	"version_major" : 1,
	"version_minor" : 0
}