{
	"class_name" : "PinholeCameraParameters",
	"extrinsic" : 
	[
		-0.6246950475544244,
		-0.0,
		-0.6154574548966637,
		0.0,
		0.78086880944303039,
		-0.0,
		-0.49236596391733095,
		0.0,
		0.0,
		-1.0,
		-0.6154574548966637,
		0.0,
		-0.18740851426632688,
		1.0867906516227177,
		2.5905387878779891,
		1.0
	],
	"intrinsic" : 
	{
		"height" : 1200,
		"intrinsic_matrix" : 
		[
			1039.2304845413264,
			0.0,
			0.0,
			0.0,
			1039.2304845413264,
			0.0,
			799.5,
			599.5,
			1.0
		],
		"width" : 1600
	},
	"version_major" : 1,
	"version_minor" : 0
}